{
    "variable": [
        {
            "id": "baseUrl",
            "key": "baseUrl",
            "type": "string",
            "name": "string",
            "value": "https:\/\/bookings.nguzotech.com\/"
        }
    ],
    "info": {
        "name": "Solutech Bookings",
        "_postman_id": "eb0d83a6-4d42-4654-b03d-61208afb7be3",
        "description": "",
        "schema": "https:\/\/schema.getpostman.com\/json\/collection\/v2.1.0\/collection.json"
    },
    "item": [
        {
            "name": "Endpoints",
            "description": "",
            "item": [
                {
                    "name": "List all the tours.",
                    "request": {
                        "url": {
                            "host": "{{baseUrl}}",
                            "path": "api\/tours",
                            "query": [],
                            "raw": "{{baseUrl}}\/api\/tours"
                        },
                        "method": "GET",
                        "header": [
                            {
                                "key": "Content-Type",
                                "value": "application\/json"
                            },
                            {
                                "key": "Accept",
                                "value": "application\/json"
                            }
                        ],
                        "body": null,
                        "description": ""
                    },
                    "response": [
                        {
                            "header": [
                                {
                                    "key": "cache-control",
                                    "value": "no-cache, private"
                                },
                                {
                                    "key": "content-type",
                                    "value": "application\/json"
                                },
                                {
                                    "key": "access-control-allow-origin",
                                    "value": "*"
                                }
                            ],
                            "code": 404,
                            "body": "{\n    \"message\": \"The route api\/tours could not be found.\"\n}",
                            "name": ""
                        }
                    ]
                },
                {
                    "name": "Store a new tour.",
                    "request": {
                        "url": {
                            "host": "{{baseUrl}}",
                            "path": "api\/tours",
                            "query": [],
                            "raw": "{{baseUrl}}\/api\/tours"
                        },
                        "method": "POST",
                        "header": [
                            {
                                "key": "Content-Type",
                                "value": "application\/json"
                            },
                            {
                                "key": "Accept",
                                "value": "application\/json"
                            }
                        ],
                        "body": null,
                        "description": ""
                    },
                    "response": []
                },
                {
                    "name": "Show a tour.",
                    "request": {
                        "url": {
                            "host": "{{baseUrl}}",
                            "path": "api\/tours\/:id",
                            "query": [],
                            "raw": "{{baseUrl}}\/api\/tours\/:id",
                            "variable": [
                                {
                                    "id": "id",
                                    "key": "id",
                                    "value": "tempora",
                                    "description": "The ID of the tour."
                                }
                            ]
                        },
                        "method": "GET",
                        "header": [
                            {
                                "key": "Content-Type",
                                "value": "application\/json"
                            },
                            {
                                "key": "Accept",
                                "value": "application\/json"
                            }
                        ],
                        "body": null,
                        "description": ""
                    },
                    "response": [
                        {
                            "header": [
                                {
                                    "key": "cache-control",
                                    "value": "no-cache, private"
                                },
                                {
                                    "key": "content-type",
                                    "value": "application\/json"
                                },
                                {
                                    "key": "access-control-allow-origin",
                                    "value": "*"
                                }
                            ],
                            "code": 404,
                            "body": "{\n    \"message\": \"The route api\/tours\/tempora could not be found.\"\n}",
                            "name": ""
                        }
                    ]
                },
                {
                    "name": "Update a tour",
                    "request": {
                        "url": {
                            "host": "{{baseUrl}}",
                            "path": "api\/tours\/:id",
                            "query": [],
                            "raw": "{{baseUrl}}\/api\/tours\/:id",
                            "variable": [
                                {
                                    "id": "id",
                                    "key": "id",
                                    "value": "aspernatur",
                                    "description": "The ID of the tour."
                                }
                            ]
                        },
                        "method": "PUT",
                        "header": [
                            {
                                "key": "Content-Type",
                                "value": "application\/json"
                            },
                            {
                                "key": "Accept",
                                "value": "application\/json"
                            }
                        ],
                        "body": null,
                        "description": ""
                    },
                    "response": []
                },
                {
                    "name": "Destroy a tour",
                    "request": {
                        "url": {
                            "host": "{{baseUrl}}",
                            "path": "api\/tours\/:id",
                            "query": [],
                            "raw": "{{baseUrl}}\/api\/tours\/:id",
                            "variable": [
                                {
                                    "id": "id",
                                    "key": "id",
                                    "value": "est",
                                    "description": "The ID of the tour."
                                }
                            ]
                        },
                        "method": "DELETE",
                        "header": [
                            {
                                "key": "Content-Type",
                                "value": "application\/json"
                            },
                            {
                                "key": "Accept",
                                "value": "application\/json"
                            }
                        ],
                        "body": null,
                        "description": ""
                    },
                    "response": []
                },
                {
                    "name": "List all the destinations.",
                    "request": {
                        "url": {
                            "host": "{{baseUrl}}",
                            "path": "api\/destinations",
                            "query": [],
                            "raw": "{{baseUrl}}\/api\/destinations"
                        },
                        "method": "GET",
                        "header": [
                            {
                                "key": "Content-Type",
                                "value": "application\/json"
                            },
                            {
                                "key": "Accept",
                                "value": "application\/json"
                            }
                        ],
                        "body": null,
                        "description": ""
                    },
                    "response": [
                        {
                            "header": [
                                {
                                    "key": "cache-control",
                                    "value": "no-cache, private"
                                },
                                {
                                    "key": "content-type",
                                    "value": "application\/json"
                                },
                                {
                                    "key": "access-control-allow-origin",
                                    "value": "*"
                                }
                            ],
                            "code": 404,
                            "body": "{\n    \"message\": \"The route api\/destinations could not be found.\"\n}",
                            "name": ""
                        }
                    ]
                },
                {
                    "name": "Store a new destination.",
                    "request": {
                        "url": {
                            "host": "{{baseUrl}}",
                            "path": "api\/destinations",
                            "query": [],
                            "raw": "{{baseUrl}}\/api\/destinations"
                        },
                        "method": "POST",
                        "header": [
                            {
                                "key": "Content-Type",
                                "value": "application\/json"
                            },
                            {
                                "key": "Accept",
                                "value": "application\/json"
                            }
                        ],
                        "body": {
                            "mode": "raw",
                            "raw": "{\"name\":\"blanditiis\",\"description\":\"Animi quas autem ut reprehenderit.\"}"
                        },
                        "description": ""
                    },
                    "response": []
                },
                {
                    "name": "Show a destination.",
                    "request": {
                        "url": {
                            "host": "{{baseUrl}}",
                            "path": "api\/destinations\/:id",
                            "query": [],
                            "raw": "{{baseUrl}}\/api\/destinations\/:id",
                            "variable": [
                                {
                                    "id": "id",
                                    "key": "id",
                                    "value": "qui",
                                    "description": "The ID of the destination."
                                }
                            ]
                        },
                        "method": "GET",
                        "header": [
                            {
                                "key": "Content-Type",
                                "value": "application\/json"
                            },
                            {
                                "key": "Accept",
                                "value": "application\/json"
                            }
                        ],
                        "body": null,
                        "description": ""
                    },
                    "response": [
                        {
                            "header": [
                                {
                                    "key": "cache-control",
                                    "value": "no-cache, private"
                                },
                                {
                                    "key": "content-type",
                                    "value": "application\/json"
                                },
                                {
                                    "key": "access-control-allow-origin",
                                    "value": "*"
                                }
                            ],
                            "code": 404,
                            "body": "{\n    \"message\": \"The route api\/destinations\/qui could not be found.\"\n}",
                            "name": ""
                        }
                    ]
                },
                {
                    "name": "Update a destination",
                    "request": {
                        "url": {
                            "host": "{{baseUrl}}",
                            "path": "api\/destinations\/:id",
                            "query": [],
                            "raw": "{{baseUrl}}\/api\/destinations\/:id",
                            "variable": [
                                {
                                    "id": "id",
                                    "key": "id",
                                    "value": "suscipit",
                                    "description": "The ID of the destination."
                                }
                            ]
                        },
                        "method": "PUT",
                        "header": [
                            {
                                "key": "Content-Type",
                                "value": "application\/json"
                            },
                            {
                                "key": "Accept",
                                "value": "application\/json"
                            }
                        ],
                        "body": {
                            "mode": "raw",
                            "raw": "{\"name\":\"inventore\",\"description\":\"Mollitia nostrum exercitationem ut fugiat quia nemo.\"}"
                        },
                        "description": ""
                    },
                    "response": []
                },
                {
                    "name": "Destroy a destination",
                    "request": {
                        "url": {
                            "host": "{{baseUrl}}",
                            "path": "api\/destinations\/:id",
                            "query": [],
                            "raw": "{{baseUrl}}\/api\/destinations\/:id",
                            "variable": [
                                {
                                    "id": "id",
                                    "key": "id",
                                    "value": "quaerat",
                                    "description": "The ID of the destination."
                                }
                            ]
                        },
                        "method": "DELETE",
                        "header": [
                            {
                                "key": "Content-Type",
                                "value": "application\/json"
                            },
                            {
                                "key": "Accept",
                                "value": "application\/json"
                            }
                        ],
                        "body": null,
                        "description": ""
                    },
                    "response": []
                },
                {
                    "name": "List all the bookings.",
                    "request": {
                        "url": {
                            "host": "{{baseUrl}}",
                            "path": "api\/bookings",
                            "query": [],
                            "raw": "{{baseUrl}}\/api\/bookings"
                        },
                        "method": "GET",
                        "header": [
                            {
                                "key": "Content-Type",
                                "value": "application\/json"
                            },
                            {
                                "key": "Accept",
                                "value": "application\/json"
                            }
                        ],
                        "body": null,
                        "description": ""
                    },
                    "response": [
                        {
                            "header": [
                                {
                                    "key": "cache-control",
                                    "value": "no-cache, private"
                                },
                                {
                                    "key": "content-type",
                                    "value": "application\/json"
                                },
                                {
                                    "key": "access-control-allow-origin",
                                    "value": "*"
                                }
                            ],
                            "code": 404,
                            "body": "{\n    \"message\": \"The route api\/bookings could not be found.\"\n}",
                            "name": ""
                        }
                    ]
                },
                {
                    "name": "Store a new booking.",
                    "request": {
                        "url": {
                            "host": "{{baseUrl}}",
                            "path": "api\/bookings",
                            "query": [],
                            "raw": "{{baseUrl}}\/api\/bookings"
                        },
                        "method": "POST",
                        "header": [
                            {
                                "key": "Content-Type",
                                "value": "application\/json"
                            },
                            {
                                "key": "Accept",
                                "value": "application\/json"
                            }
                        ],
                        "body": null,
                        "description": ""
                    },
                    "response": []
                },
                {
                    "name": "Show a booking.",
                    "request": {
                        "url": {
                            "host": "{{baseUrl}}",
                            "path": "api\/bookings\/:id",
                            "query": [],
                            "raw": "{{baseUrl}}\/api\/bookings\/:id",
                            "variable": [
                                {
                                    "id": "id",
                                    "key": "id",
                                    "value": "exercitationem",
                                    "description": "The ID of the booking."
                                }
                            ]
                        },
                        "method": "GET",
                        "header": [
                            {
                                "key": "Content-Type",
                                "value": "application\/json"
                            },
                            {
                                "key": "Accept",
                                "value": "application\/json"
                            }
                        ],
                        "body": null,
                        "description": ""
                    },
                    "response": [
                        {
                            "header": [
                                {
                                    "key": "cache-control",
                                    "value": "no-cache, private"
                                },
                                {
                                    "key": "content-type",
                                    "value": "application\/json"
                                },
                                {
                                    "key": "access-control-allow-origin",
                                    "value": "*"
                                }
                            ],
                            "code": 404,
                            "body": "{\n    \"message\": \"The route api\/bookings\/exercitationem could not be found.\"\n}",
                            "name": ""
                        }
                    ]
                },
                {
                    "name": "GET api\/stats",
                    "request": {
                        "url": {
                            "host": "{{baseUrl}}",
                            "path": "api\/stats",
                            "query": [],
                            "raw": "{{baseUrl}}\/api\/stats"
                        },
                        "method": "GET",
                        "header": [
                            {
                                "key": "Content-Type",
                                "value": "application\/json"
                            },
                            {
                                "key": "Accept",
                                "value": "application\/json"
                            }
                        ],
                        "body": null,
                        "description": ""
                    },
                    "response": [
                        {
                            "header": [
                                {
                                    "key": "cache-control",
                                    "value": "no-cache, private"
                                },
                                {
                                    "key": "content-type",
                                    "value": "application\/json"
                                },
                                {
                                    "key": "access-control-allow-origin",
                                    "value": "*"
                                }
                            ],
                            "code": 404,
                            "body": "{\n    \"message\": \"The route api\/stats could not be found.\"\n}",
                            "name": ""
                        }
                    ]
                }
            ]
        }
    ],
    "auth": {
        "type": "bearer",
        "bearer": [
            {
                "key": "token",
                "type": "string"
            }
        ]
    }
}